{
  "SOL": 98.50,
  "WBTC": 42500.00,
  "USDC": 1.00,
  "ATLAS": 0.0025,
  "POLIS": 0.0018,
  "MAXHOG": 1250.00,
  "NITRO": 850.00,
  "OPALJET": 3200.00,
  "PEARCER6": 1800.00,
  "PEARCEX4": 950.00,
  "PEARCEX5": 1100.00,
  "PEARCEX6": 1300.00,
  "PEARCER8": 2200.00,
  "RAINBOWCHI": 2800.00,
  "RAINBOWOM": 3500.00,
  "TUFAFEIST": 750.00,
  "VZUSAMBWE": 4200.00,
  "VZUSBALLAD": 3800.00,
  "VZUSOPOD": 2900.00,
  "VZUSSOLOS": 2600.00,
  "Crew Common": 25.00,
  "Crew Uncommon": 75.00,
  "Crew Rare": 200.00,
  "Crew Epic": 500.00,
  "Crew Legendary": 1200.00,
  "g1-token1": 0.25,
  "g1-token2": 0.00198,
  "g2-token1": 0.50,
  "g2-token2": 0.00198
}