{
  "SOL": 258.50,
  "WBTC": 112500.00,
  "USDC": 1.00,
  "ATLAS": 0.00825,
  "POLIS": 0.088,
  "MAXHOG": 20.00,
  "NITRO": 0.00001,
  "OPALJET": 2.30,
  "PEARCER6": 500.00,
  "PEARCEX4": 2.40,
  "PEARCEX5": 18.00,
  "PEARCEX6": 90.00,
  "PEARCER8": 1200.00,
  "RAINBOWCHI": 82.00,
  "RAINBOWOM": 500.00,
  "TUFAFEIST": 75.00,
  "VZUSAMBWE": 72.00,
  "VZUSBALLAD": 5000.00,
  "VZUSOPOD": 290.00,
  "VZUSSOLOS": 2.60,
  "Crew Common": 2.50,
  "Crew Uncommon": 2.80,
  "Crew Rare": 3.50,
  "Crew Epic": 5.00,
  "Crew Legendary": 150.00
}